date,station,sst
2026-08-14,Ashdod_IL,29.77
2026-08-14,Ashkelon_IL,29.63
2026-08-14,Bardawil_off,29.97
2026-08-14,Damietta_mouth,29.5
2026-08-14,El_Arish_EG,30.28
2026-08-14,Gaza_City,29.64
2026-08-14,Hadera_IL,29.52
2026-08-14,Haifa_IL,29.3
2026-08-14,Nahariya_IL,29.41
2026-08-14,Open_sea_ref,28.77
2026-08-14,Port_Said_EG,30.0
2026-08-14,Rafah_Gaza,29.99
2026-08-14,Rosetta_mouth,28.51
2026-08-14,Tel_Aviv_IL,29.58
2026-08-15,Ashdod_IL,29.77
2026-08-15,Ashkelon_IL,29.58
2026-08-15,Bardawil_off,29.86
2026-08-15,Damietta_mouth,29.68
2026-08-15,El_Arish_EG,29.79
2026-08-15,Gaza_City,29.88
2026-08-15,Hadera_IL,29.77
2026-08-15,Haifa_IL,29.4
2026-08-15,Nahariya_IL,29.28
2026-08-15,Open_sea_ref,28.97
2026-08-15,Port_Said_EG,29.78
2026-08-15,Rafah_Gaza,30.17
2026-08-15,Rosetta_mouth,28.05
2026-08-15,Tel_Aviv_IL,29.62
2026-08-16,Ashdod_IL,29.95
2026-08-16,Ashkelon_IL,30.07
2026-08-16,Bardawil_off,29.98
2026-08-16,Damietta_mouth,29.41
2026-08-16,El_Arish_EG,30.63
2026-08-16,Gaza_City,30.33
2026-08-16,Hadera_IL,30.06
2026-08-16,Haifa_IL,29.65
2026-08-16,Nahariya_IL,29.75
2026-08-16,Open_sea_ref,28.59
2026-08-16,Port_Said_EG,30.0
2026-08-16,Rafah_Gaza,30.59
2026-08-16,Rosetta_mouth,28.93
2026-08-16,Tel_Aviv_IL,29.68
2026-08-17,Ashdod_IL,30.19
2026-08-17,Ashkelon_IL,30.4
2026-08-17,Bardawil_off,30.59
2026-08-17,Damietta_mouth,30.0
2026-08-17,El_Arish_EG,30.66
2026-08-17,Gaza_City,30.3
2026-08-17,Hadera_IL,30.14
2026-08-17,Haifa_IL,29.78
2026-08-17,Nahariya_IL,29.49
2026-08-17,Open_sea_ref,29.02
2026-08-17,Port_Said_EG,30.28
2026-08-17,Rafah_Gaza,30.47
2026-08-17,Rosetta_mouth,28.93
2026-08-17,Tel_Aviv_IL,29.99
2026-08-18,Ashdod_IL,30.33
2026-08-18,Ashkelon_IL,30.43
2026-08-18,Bardawil_off,30.36
2026-08-18,Damietta_mouth,29.76
2026-08-18,El_Arish_EG,30.61
2026-08-18,Gaza_City,30.46
2026-08-18,Hadera_IL,29.89
2026-08-18,Haifa_IL,30.05
2026-08-18,Nahariya_IL,29.95
2026-08-18,Open_sea_ref,28.84
2026-08-18,Port_Said_EG,29.98
2026-08-18,Rafah_Gaza,30.16
2026-08-18,Rosetta_mouth,28.8
2026-08-18,Tel_Aviv_IL,30.11
2026-08-19,Ashdod_IL,30.19
2026-08-19,Ashkelon_IL,30.19
2026-08-19,Bardawil_off,30.23
2026-08-19,Damietta_mouth,29.45
2026-08-19,El_Arish_EG,30.55
2026-08-19,Gaza_City,30.34
2026-08-19,Hadera_IL,29.66
2026-08-19,Haifa_IL,29.86
2026-08-19,Nahariya_IL,29.42
2026-08-19,Open_sea_ref,28.77
2026-08-19,Port_Said_EG,29.98
2026-08-19,Rafah_Gaza,30.22
2026-08-19,Rosetta_mouth,28.56
2026-08-19,Tel_Aviv_IL,29.67
2026-08-20,Ashdod_IL,30.24
2026-08-20,Ashkelon_IL,30.46
2026-08-20,Bardawil_off,29.5
2026-08-20,Damietta_mouth,29.5
2026-08-20,El_Arish_EG,30.39
2026-08-20,Gaza_City,30.47
2026-08-20,Hadera_IL,29.66
2026-08-20,Haifa_IL,29.35
2026-08-20,Nahariya_IL,29.64
2026-08-20,Open_sea_ref,28.77
2026-08-20,Port_Said_EG,29.5
2026-08-20,Rafah_Gaza,30.46
2026-08-20,Rosetta_mouth,29.04
2026-08-20,Tel_Aviv_IL,29.96
2026-08-21,Ashdod_IL,29.29
2026-08-21,Ashkelon_IL,29.62
2026-08-21,Bardawil_off,29.48
2026-08-21,Damietta_mouth,29.72
2026-08-21,El_Arish_EG,29.76
2026-08-21,Gaza_City,29.76
2026-08-21,Hadera_IL,29.5
2026-08-21,Haifa_IL,30.2
2026-08-21,Nahariya_IL,29.69
2026-08-21,Open_sea_ref,28.83
2026-08-21,Port_Said_EG,29.71
2026-08-21,Rafah_Gaza,30.08
2026-08-21,Rosetta_mouth,28.82
2026-08-21,Tel_Aviv_IL,29.19
2026-08-22,Ashdod_IL,29.9
2026-08-22,Ashkelon_IL,30.29
2026-08-22,Bardawil_off,30.13
2026-08-22,Damietta_mouth,29.84
2026-08-22,El_Arish_EG,30.73
2026-08-22,Gaza_City,30.13
2026-08-22,Hadera_IL,29.47
2026-08-22,Haifa_IL,29.54
2026-08-22,Nahariya_IL,29.31
2026-08-22,Open_sea_ref,29.17
2026-08-22,Port_Said_EG,29.9
2026-08-22,Rafah_Gaza,30.24
2026-08-22,Rosetta_mouth,28.74
2026-08-22,Tel_Aviv_IL,30.21
2026-08-23,Ashdod_IL,29.6
2026-08-23,Ashkelon_IL,30.08
2026-08-23,Bardawil_off,30.24
2026-08-23,Damietta_mouth,30.02
2026-08-23,El_Arish_EG,30.01
2026-08-23,Gaza_City,29.91
2026-08-23,Hadera_IL,29.13
2026-08-23,Haifa_IL,29.34
2026-08-23,Nahariya_IL,29.31
2026-08-23,Open_sea_ref,28.95
2026-08-23,Port_Said_EG,29.89
2026-08-23,Rafah_Gaza,29.96
2026-08-23,Rosetta_mouth,28.68
2026-08-23,Tel_Aviv_IL,29.53
2026-08-24,Ashdod_IL,30.3
2026-08-24,Ashkelon_IL,30.29
2026-08-24,Bardawil_off,30.42
2026-08-24,Damietta_mouth,30.0
2026-08-24,El_Arish_EG,30.46
2026-08-24,Gaza_City,30.43
2026-08-24,Hadera_IL,29.95
2026-08-24,Haifa_IL,29.94
2026-08-24,Nahariya_IL,29.94
2026-08-24,Open_sea_ref,28.96
2026-08-24,Port_Said_EG,30.24
2026-08-24,Rafah_Gaza,30.4
2026-08-24,Rosetta_mouth,28.81
2026-08-24,Tel_Aviv_IL,30.29
2026-08-25,Ashdod_IL,30.11
2026-08-25,Ashkelon_IL,30.51
2026-08-25,Bardawil_off,30.1
2026-08-25,Damietta_mouth,29.66
2026-08-25,El_Arish_EG,30.35
2026-08-25,Gaza_City,30.62
2026-08-25,Hadera_IL,29.75
2026-08-25,Haifa_IL,29.7
2026-08-25,Nahariya_IL,29.91
2026-08-25,Open_sea_ref,28.99
2026-08-25,Port_Said_EG,29.68
2026-08-25,Rafah_Gaza,30.53
2026-08-25,Rosetta_mouth,28.41
2026-08-25,Tel_Aviv_IL,30.15
2026-08-26,Ashdod_IL,30.35
2026-08-26,Ashkelon_IL,30.74
2026-08-26,Bardawil_off,30.4
2026-08-26,Damietta_mouth,29.14
2026-08-26,El_Arish_EG,30.53
2026-08-26,Gaza_City,30.59
2026-08-26,Hadera_IL,29.99
2026-08-26,Haifa_IL,29.6
2026-08-26,Nahariya_IL,30.01
2026-08-26,Open_sea_ref,28.84
2026-08-26,Port_Said_EG,29.7
2026-08-26,Rafah_Gaza,30.97
2026-08-26,Rosetta_mouth,28.42
2026-08-26,Tel_Aviv_IL,30.28
2026-08-27,Ashdod_IL,30.36
2026-08-27,Ashkelon_IL,30.89
2026-08-27,Bardawil_off,30.31
2026-08-27,Damietta_mouth,28.95
2026-08-27,El_Arish_EG,30.81
2026-08-27,Gaza_City,30.33
2026-08-27,Hadera_IL,30.34
2026-08-27,Haifa_IL,30.37
2026-08-27,Nahariya_IL,30.36
2026-08-27,Open_sea_ref,29.42
2026-08-27,Port_Said_EG,30.12
2026-08-27,Rafah_Gaza,30.68
2026-08-27,Rosetta_mouth,28.98
2026-08-27,Tel_Aviv_IL,30.44
2026-08-28,Ashdod_IL,30.62
2026-08-28,Ashkelon_IL,30.54
2026-08-28,Bardawil_off,29.9
2026-08-28,Damietta_mouth,30.2
2026-08-28,El_Arish_EG,30.43
2026-08-28,Gaza_City,30.38
2026-08-28,Hadera_IL,30.08
2026-08-28,Haifa_IL,29.92
2026-08-28,Nahariya_IL,30.25
2026-08-28,Open_sea_ref,29.06
2026-08-28,Port_Said_EG,30.42
2026-08-28,Rafah_Gaza,30.55
2026-08-28,Rosetta_mouth,29.12
2026-08-28,Tel_Aviv_IL,30.56
2026-08-29,Ashdod_IL,30.61
2026-08-29,Ashkelon_IL,30.52
2026-08-29,Bardawil_off,30.35
2026-08-29,Damietta_mouth,29.79
2026-08-29,El_Arish_EG,30.41
2026-08-29,Gaza_City,30.47
2026-08-29,Hadera_IL,30.32
2026-08-29,Haifa_IL,30.06
2026-08-29,Nahariya_IL,29.43
2026-08-29,Open_sea_ref,29.22
2026-08-29,Port_Said_EG,30.52
2026-08-29,Rafah_Gaza,30.47
2026-08-29,Rosetta_mouth,28.99
2026-08-29,Tel_Aviv_IL,30.58
2026-08-30,Ashdod_IL,30.25
2026-08-30,Ashkelon_IL,30.26
2026-08-30,Bardawil_off,30.08
2026-08-30,Damietta_mouth,29.49
2026-08-30,El_Arish_EG,30.24
2026-08-30,Gaza_City,30.11
2026-08-30,Hadera_IL,30.25
2026-08-30,Haifa_IL,30.21
2026-08-30,Nahariya_IL,30.23
2026-08-30,Open_sea_ref,28.86
2026-08-30,Port_Said_EG,29.99
2026-08-30,Rafah_Gaza,30.27
2026-08-30,Rosetta_mouth,28.14
2026-08-30,Tel_Aviv_IL,30.31
2026-08-31,Ashdod_IL,29.6
2026-08-31,Ashkelon_IL,29.71
2026-08-31,Bardawil_off,29.66
2026-08-31,Damietta_mouth,29.17
2026-08-31,El_Arish_EG,29.34
2026-08-31,Gaza_City,29.85
2026-08-31,Hadera_IL,29.34
2026-08-31,Haifa_IL,29.43
2026-08-31,Nahariya_IL,29.55
2026-08-31,Open_sea_ref,28.67
2026-08-31,Port_Said_EG,29.3
2026-08-31,Rafah_Gaza,29.74
2026-08-31,Rosetta_mouth,28.31
2026-08-31,Tel_Aviv_IL,29.87
2026-09-01,Ashdod_IL,30.37
2026-09-01,Ashkelon_IL,30.51
2026-09-01,Bardawil_off,30.04
2026-09-01,Damietta_mouth,29.49
2026-09-01,El_Arish_EG,30.15
2026-09-01,Gaza_City,30.39
2026-09-01,Hadera_IL,29.56
2026-09-01,Haifa_IL,29.38
2026-09-01,Nahariya_IL,29.27
2026-09-01,Open_sea_ref,29.11
2026-09-01,Port_Said_EG,29.77
2026-09-01,Rafah_Gaza,30.25
2026-09-01,Rosetta_mouth,29.0
2026-09-01,Tel_Aviv_IL,30.34
2026-09-02,Ashdod_IL,30.31
2026-09-02,Ashkelon_IL,30.17
2026-09-02,Bardawil_off,29.99
2026-09-02,Damietta_mouth,29.32
2026-09-02,El_Arish_EG,29.83
2026-09-02,Gaza_City,30.11
2026-09-02,Hadera_IL,30.01
2026-09-02,Haifa_IL,30.37
2026-09-02,Nahariya_IL,29.91
2026-09-02,Open_sea_ref,29.11
2026-09-02,Port_Said_EG,29.79
2026-09-02,Rafah_Gaza,30.21
2026-09-02,Rosetta_mouth,28.81
2026-09-02,Tel_Aviv_IL,29.57
2026-09-03,Ashdod_IL,30.43
2026-09-03,Ashkelon_IL,30.28
2026-09-03,Bardawil_off,30.33
2026-09-03,Damietta_mouth,30.04
2026-09-03,El_Arish_EG,30.23
2026-09-03,Gaza_City,30.4
2026-09-03,Hadera_IL,30.03
2026-09-03,Haifa_IL,30.14
2026-09-03,Nahariya_IL,29.7
2026-09-03,Open_sea_ref,29.19
2026-09-03,Port_Said_EG,30.49
2026-09-03,Rafah_Gaza,30.16
2026-09-03,Rosetta_mouth,28.84
2026-09-03,Tel_Aviv_IL,30.6
2026-09-04,Ashdod_IL,29.98
2026-09-04,Ashkelon_IL,30.29
2026-09-04,Bardawil_off,29.95
2026-09-04,Damietta_mouth,29.66
2026-09-04,El_Arish_EG,29.89
2026-09-04,Gaza_City,30.13
2026-09-04,Hadera_IL,29.94
2026-09-04,Haifa_IL,29.93
2026-09-04,Nahariya_IL,29.62
2026-09-04,Open_sea_ref,28.56
2026-09-04,Port_Said_EG,30.05
2026-09-04,Rafah_Gaza,29.7
2026-09-04,Rosetta_mouth,28.9
2026-09-04,Tel_Aviv_IL,30.39
2026-09-05,Ashdod_IL,30.1
2026-09-05,Ashkelon_IL,30.38
2026-09-05,Bardawil_off,30.31
2026-09-05,Damietta_mouth,29.77
2026-09-05,El_Arish_EG,30.32
2026-09-05,Gaza_City,30.14
2026-09-05,Hadera_IL,30.27
2026-09-05,Haifa_IL,29.89
2026-09-05,Nahariya_IL,30.32
2026-09-05,Open_sea_ref,28.8
2026-09-05,Port_Said_EG,30.04
2026-09-05,Rafah_Gaza,30.06
2026-09-05,Rosetta_mouth,28.81
2026-09-05,Tel_Aviv_IL,30.57
2026-09-06,Ashdod_IL,30.24
2026-09-06,Ashkelon_IL,30.31
2026-09-06,Bardawil_off,30.0
2026-09-06,Damietta_mouth,29.65
2026-09-06,El_Arish_EG,30.02
2026-09-06,Gaza_City,30.13
2026-09-06,Hadera_IL,29.99
2026-09-06,Haifa_IL,29.86
2026-09-06,Nahariya_IL,30.01
2026-09-06,Open_sea_ref,28.68
2026-09-06,Port_Said_EG,29.98
2026-09-06,Rafah_Gaza,30.02
2026-09-06,Rosetta_mouth,28.91
2026-09-06,Tel_Aviv_IL,30.26
2026-09-07,Ashdod_IL,30.36
2026-09-07,Ashkelon_IL,30.38
2026-09-07,Bardawil_off,29.95
2026-09-07,Damietta_mouth,29.56
2026-09-07,El_Arish_EG,29.64
2026-09-07,Gaza_City,30.06
2026-09-07,Hadera_IL,30.01
2026-09-07,Haifa_IL,29.77
2026-09-07,Nahariya_IL,29.52
2026-09-07,Open_sea_ref,28.79
2026-09-07,Port_Said_EG,29.67
2026-09-07,Rafah_Gaza,29.73
2026-09-07,Rosetta_mouth,28.84
2026-09-07,Tel_Aviv_IL,30.31
2026-09-08,Ashdod_IL,30.3
2026-09-08,Ashkelon_IL,29.84
2026-09-08,Bardawil_off,30.07
2026-09-08,Damietta_mouth,29.11
2026-09-08,El_Arish_EG,30.02
2026-09-08,Gaza_City,29.83
2026-09-08,Hadera_IL,29.5
2026-09-08,Haifa_IL,29.48
2026-09-08,Nahariya_IL,29.43
2026-09-08,Open_sea_ref,28.9
2026-09-08,Port_Said_EG,29.63
2026-09-08,Rafah_Gaza,30.04
2026-09-08,Rosetta_mouth,28.51
2026-09-08,Tel_Aviv_IL,30.02
2026-09-09,Ashdod_IL,30.43
2026-09-09,Ashkelon_IL,30.43
2026-09-09,Bardawil_off,30.18
2026-09-09,Damietta_mouth,29.48
2026-09-09,El_Arish_EG,30.29
2026-09-09,Gaza_City,30.2
2026-09-09,Hadera_IL,30.02
2026-09-09,Haifa_IL,29.96
2026-09-09,Nahariya_IL,29.57
2026-09-09,Open_sea_ref,29.11
2026-09-09,Port_Said_EG,29.96
2026-09-09,Rafah_Gaza,30.34
2026-09-09,Rosetta_mouth,28.62
2026-09-09,Tel_Aviv_IL,30.58
2026-09-10,Ashdod_IL,31.01
2026-09-10,Ashkelon_IL,31.01
2026-09-10,Bardawil_off,30.39
2026-09-10,Damietta_mouth,29.52
2026-09-10,El_Arish_EG,30.77
2026-09-10,Gaza_City,31.04
2026-09-10,Hadera_IL,30.77
2026-09-10,Haifa_IL,30.15
2026-09-10,Nahariya_IL,30.1
2026-09-10,Open_sea_ref,29.18
2026-09-10,Port_Said_EG,29.73
2026-09-10,Rafah_Gaza,30.78
2026-09-10,Rosetta_mouth,28.53
2026-09-10,Tel_Aviv_IL,30.92
2026-09-11,Ashdod_IL,30.8
2026-09-11,Ashkelon_IL,30.64
2026-09-11,Bardawil_off,30.34
2026-09-11,Damietta_mouth,29.59
2026-09-11,El_Arish_EG,29.96
2026-09-11,Gaza_City,30.4
2026-09-11,Hadera_IL,30.36
2026-09-11,Haifa_IL,29.68
2026-09-11,Nahariya_IL,29.82
2026-09-11,Open_sea_ref,29.37
2026-09-11,Port_Said_EG,30.02
2026-09-11,Rafah_Gaza,30.18
2026-09-11,Rosetta_mouth,28.62
2026-09-11,Tel_Aviv_IL,30.24
2026-09-12,Ashdod_IL,30.22
2026-09-12,Ashkelon_IL,30.37
2026-09-12,Bardawil_off,30.22
2026-09-12,Damietta_mouth,29.07
2026-09-12,El_Arish_EG,29.71
2026-09-12,Gaza_City,29.72
2026-09-12,Hadera_IL,30.21
2026-09-12,Haifa_IL,29.35
2026-09-12,Nahariya_IL,29.7
2026-09-12,Open_sea_ref,28.84
2026-09-12,Port_Said_EG,30.1
2026-09-12,Rafah_Gaza,30.08
2026-09-12,Rosetta_mouth,28.8
2026-09-12,Tel_Aviv_IL,30.15
